municipality,conv_store
東京都港区,324
東京都世田谷区,314
東京都新宿区,307
東京都大田区,276
鹿児島県鹿児島市,250
千葉県船橋市,243
東京都江東区,236
東京都千代田区,235
栃木県宇都宮市,227
東京都足立区,227
東京都渋谷区,226
東京都江戸川区,224
愛媛県松山市,219
東京都練馬区,216
北海道札幌市中央区,209
東京都品川区,207
愛知県豊田市,206
東京都板橋区,201
富山県富山市,201
福岡県福岡市博多区,198
石川県金沢市,197
東京都八王子市,196
大阪府大阪市中央区,194
大分県大分市,193
東京都豊島区,191
東京都中央区,190
兵庫県姫路市,187
埼玉県川口市,186
宮城県仙台市青葉区,184
大阪府東大阪市,181
岡山県倉敷市,179
千葉県市川市,176
大阪府大阪市北区,172
広島県福山市,172
東京都杉並区,171
千葉県松戸市,170
長野県長野市,170
北海道旭川市,167
福島県郡山市,167
香川県高松市,167
東京都葛飾区,164
岐阜県岐阜市,164
愛知県岡崎市,164
愛知県豊橋市,162
岡山県岡山市北区,162
福島県いわき市,160
愛知県名古屋市中区,160
長崎県長崎市,160
沖縄県那覇市,160
東京都台東区,159
北海道函館市,156
神奈川県藤沢市,152
高知県高知市,150
秋田県秋田市,148
東京都町田市,146
神奈川県横須賀市,142
愛知県一宮市,142
茨城県水戸市,140
神奈川県川崎市川崎区,140
群馬県高崎市,139
千葉県千葉市中央区,139
千葉県柏市,138
宮崎県宮崎市,138
群馬県前橋市,136
千葉県市原市,136
和歌山県和歌山市,136
岩手県盛岡市,133
福岡県福岡市中央区,133
兵庫県尼崎市,132
北海道札幌市北区,131
神奈川県横浜市港北区,131
福島県福島市,130
東京都墨田区,129
三重県四日市市,126
兵庫県西宮市,126
北海道札幌市東区,125
東京都中野区,124
兵庫県神戸市中央区,124
埼玉県所沢市,122
茨城県つくば市,120
福井県福井市,120
広島県広島市中区,119
愛知県名古屋市中村区,118
青森県青森市,117
青森県八戸市,117
神奈川県横浜市中区,116
長野県松本市,116
静岡県富士市,116
神奈川県厚木市,115
徳島県徳島市,112
福岡県久留米市,112
神奈川県横浜市鶴見区,110
福岡県北九州市小倉北区,110
奈良県奈良市,108
福岡県福岡市東区,108
愛知県春日井市,106
三重県津市,104
大阪府大阪市淀川区,104
長崎県佐世保市,104
神奈川県川崎市中原区,103
新潟県長岡市,103
静岡県浜松市中区,103
大阪府吹田市,103
北海道苫小牧市,102
東京都北区,102
東京都府中市,102
静岡県静岡市葵区,101
京都府京都市伏見区,101
山口県下関市,101
埼玉県越谷市,100
北海道札幌市白石区,99
宮城県仙台市宮城野区,99
神奈川県相模原市中央区,99
神奈川県平塚市,99
新潟県新潟市中央区,99
大阪府豊中市,99
佐賀県佐賀市,99
山形県山形市,98
東京都目黒区,98
山梨県甲府市,98
静岡県静岡市清水区,98
北海道札幌市豊平区,97
神奈川県横浜市神奈川区,97
神奈川県大和市,97
静岡県沼津市,97
北海道釧路市,96
群馬県太田市,96
埼玉県草加市,95
滋賀県大津市,95
熊本県熊本市中央区,95
神奈川県相模原市南区,94
鳥取県鳥取市,94
愛知県安城市,93
大阪府枚方市,92
島根県松江市,91
東京都立川市,90
静岡県静岡市駿河区,89
北海道札幌市西区,88
北海道帯広市,87
群馬県伊勢崎市,87
広島県東広島市,87
宮城県仙台市太白区,86
三重県鈴鹿市,86
大阪府大阪市西区,86
山口県山口市,86
広島県広島市西区,85
東京都調布市,84
鳥取県米子市,84
栃木県小山市,83
東京都荒川区,83
青森県弘前市,82
埼玉県春日部市,82
大阪府茨木市,82
宮城県石巻市,81
愛知県名古屋市中川区,81
大阪府八尾市,81
愛知県小牧市,80
埼玉県熊谷市,79
千葉県成田市,79
東京都文京区,79
神奈川県横浜市戸塚区,79
大阪府大阪市東淀川区,79
福岡県北九州市八幡西区,79
茨城県ひたちなか市,78
神奈川県小田原市,78
愛知県豊川市,78
新潟県上越市,77
愛知県刈谷市,77
大阪府高槻市,77
宮城県仙台市泉区,76
神奈川県川崎市多摩区,76
広島県呉市,76
愛知県名古屋市港区,75
埼玉県上尾市,74
富山県高岡市,74
広島県広島市安佐南区,74
宮崎県都城市,74
茨城県日立市,73
神奈川県横浜市青葉区,73
神奈川県川崎市高津区,73
福岡県福岡市南区,73
神奈川県横浜市都筑区,72
愛知県名古屋市西区,72
愛知県名古屋市緑区,72
兵庫県加古川市,72
島根県出雲市,72
北海道北見市,71
神奈川県茅ヶ崎市,71
宮城県大崎市,69
千葉県野田市,69
東京都西東京市,69
神奈川県相模原市緑区,69
広島県広島市南区,69
栃木県栃木市,68
神奈川県横浜市西区,68
長野県上田市,68
京都府京都市下京区,68
福岡県福岡市西区,68
熊本県熊本市東区,68
宮城県仙台市若林区,67
茨城県神栖市,67
埼玉県さいたま市大宮区,67
千葉県八千代市,67
東京都武蔵野市,67
京都府京都市中京区,67
大阪府寝屋川市,67
兵庫県明石市,67
福岡県北九州市小倉南区,67
福岡県福岡市早良区,67
神奈川県川崎市宮前区,66
岐阜県大垣市,66
愛知県名古屋市南区,66
三重県松阪市,66
大阪府堺市堺区,66
大阪府岸和田市,66
茨城県古河市,65
神奈川県横浜市南区,65
愛知県名古屋市北区,65
京都府京都市南区,65
茨城県土浦市,64
千葉県千葉市花見川区,64
東京都日野市,64
愛知県名古屋市千種区,64
栃木県足利市,63
栃木県那須塩原市,63
千葉県木更津市,63
愛知県西尾市,63
京都府京都市右京区,63
岡山県岡山市南区,63
神奈川県横浜市港南区,62
神奈川県川崎市幸区,62
静岡県磐田市,62
愛知県名古屋市天白区,62
愛媛県今治市,62
埼玉県久喜市,61
千葉県習志野市,61
埼玉県戸田市,60
沖縄県沖縄市,60
岩手県一関市,59
大阪府大阪市浪速区,59
兵庫県神戸市西区,59
埼玉県深谷市,58
千葉県千葉市美浜区,58
神奈川県横浜市保土ケ谷区,58
静岡県富士宮市,58
愛知県稲沢市,58
三重県桑名市,58
大阪府門真市,58
山口県宇部市,58
埼玉県狭山市,57
埼玉県三郷市,57
千葉県千葉市稲毛区,57
千葉県浦安市,57
東京都三鷹市,57
東京都小平市,57
愛知県名古屋市名東区,57
沖縄県うるま市,57
北海道札幌市手稲区,56
神奈川県横浜市旭区,56
神奈川県秦野市,56
福岡県飯塚市,56
山形県鶴岡市,55
福島県会津若松市,55
静岡県焼津市,55
京都府京都市左京区,55
広島県尾道市,55
山口県周南市,55
北海道札幌市南区,54
千葉県佐倉市,54
愛知県東海市,54
兵庫県神戸市東灘区,54
兵庫県神戸市兵庫区,54
山口県岩国市,54
鹿児島県霧島市,54
茨城県筑西市,53
埼玉県さいたま市見沼区,53
埼玉県さいたま市南区,53
神奈川県横浜市緑区,53
岐阜県各務原市,53
静岡県浜松市東区,53
静岡県藤枝市,53
静岡県御殿場市,53
三重県伊勢市,53
大阪府大阪市平野区,53
大阪府守口市,53
長崎県諫早市,53
熊本県八代市,53
沖縄県浦添市,53
岩手県北上市,52
埼玉県さいたま市浦和区,52
千葉県流山市,52
神奈川県鎌倉市,52
新潟県新潟市東区,52
新潟県新潟市西区,52
愛知県名古屋市守山区,52
岡山県岡山市中区,52
北海道小樽市,51
埼玉県さいたま市北区,51
東京都多摩市,51
神奈川県横浜市金沢区,51
京都府京都市山科区,51
京都府宇治市,51
大阪府大阪市都島区,51
熊本県熊本市北区,51
埼玉県新座市,50
東京都青梅市,50
神奈川県海老名市,50
愛媛県新居浜市,50
佐賀県唐津市,50
北海道岩見沢市,49
北海道江別市,49
北海道千歳市,49
愛知県半田市,49
兵庫県神戸市北区,49
岩手県奥州市,48
栃木県佐野市,48
埼玉県さいたま市岩槻区,48
埼玉県川越市,48
埼玉県入間市,48
千葉県千葉市若葉区,48
長野県飯田市,48
愛知県名古屋市昭和区,48
大阪府大阪市住吉区,48
兵庫県伊丹市,48
富山県射水市,47
大阪府大阪市城東区,47
大阪府堺市北区,47
広島県広島市安佐北区,47
香川県丸亀市,47
北海道室蘭市,46
静岡県掛川市,46
愛知県名古屋市東区,46
滋賀県草津市,46
大阪府大阪市住之江区,46
兵庫県宝塚市,46
大分県別府市,46
秋田県大仙市,45
大阪府大阪市西成区,45
岡山県津山市,45
山口県防府市,45
宮崎県延岡市,45
岩手県花巻市,44
東京都昭島市,44
東京都国分寺市,44
神奈川県横浜市磯子区,44
長野県佐久市,44
三重県伊賀市,44
滋賀県彦根市,44
福岡県大牟田市,44
熊本県熊本市南区,44
北海道札幌市厚別区,43
埼玉県加須市,43
埼玉県朝霞市,43
埼玉県八潮市,43
東京都東村山市,43
新潟県新発田市,43
山梨県笛吹市,43
岐阜県高山市,43
静岡県浜松市西区,43
静岡県袋井市,43
愛知県大府市,43
秋田県横手市,42
栃木県鹿沼市,42
埼玉県富士見市,42
千葉県茂原市,42
神奈川県川崎市麻生区,42
神奈川県座間市,42
滋賀県長浜市,42
京都府京都市北区,42
奈良県橿原市,42
愛媛県西条市,42
鹿児島県鹿屋市,42
宮城県登米市,41
埼玉県東松山市,41
千葉県君津市,41
神奈川県横浜市瀬谷区,41
静岡県三島市,41
大阪府堺市西区,41
広島県広島市佐伯区,41
茨城県鹿嶋市,40
埼玉県さいたま市中央区,40
埼玉県さいたま市緑区,40
神奈川県横浜市泉区,40
石川県白山市,40
岐阜県可児市,40
岐阜県関市,39
静岡県浜松市南区,39
大阪府大阪市福島区,39
大阪府松原市,39
大阪府和泉市,39
広島県廿日市市,39
大分県中津市,39
山形県酒田市,38
栃木県日光市,38
埼玉県さいたま市桜区,38
千葉県鎌ケ谷市,38
千葉県八街市,38
千葉県印西市,38
石川県小松市,38
愛知県名古屋市瑞穂区,38
京都府京都市西京区,38
兵庫県神戸市灘区,38
広島県広島市東区,38
愛媛県四国中央市,38
宮城県名取市,37
東京都小金井市,37
山梨県甲斐市,37
愛知県名古屋市熱田区,37
大阪府大阪市港区,37
大阪府大阪市西淀川区,37
大阪府大阪市生野区,37
大阪府大阪市阿倍野区,37
大阪府箕面市,37
兵庫県神戸市長田区,37
兵庫県神戸市垂水区,37
北海道札幌市清田区,36
宮城県気仙沼市,36
山形県米沢市,36
福島県須賀川市,36
福島県南相馬市,36
茨城県石岡市,36
福井県坂井市,36
愛知県瀬戸市,36
滋賀県東近江市,36
大阪府池田市,36
大阪府大東市,36
鹿児島県薩摩川内市,36
沖縄県名護市,36
北海道石狩市,35
埼玉県本庄市,35
千葉県旭市,35
東京都国立市,35
大阪府堺市中区,35
大阪府泉佐野市,35
広島県三原市,35
秋田県由利本荘市,34
群馬県桐生市,34
埼玉県さいたま市西区,34
埼玉県鴻巣市,34
千葉県千葉市緑区,34
神奈川県伊勢原市,34
福井県敦賀市,34
長野県安曇野市,34
岐阜県多治見市,34
静岡県浜松市北区,34
静岡県島田市,34
愛知県蒲郡市,34
大阪府大阪市天王寺区,34
大阪府摂津市,34
岡山県岡山市東区,34
北海道恵庭市,33
茨城県常総市,33
茨城県笠間市,33
茨城県取手市,33
千葉県我孫子市,33
千葉県四街道市,33
東京都東久留米市,33
新潟県三条市,33
静岡県伊東市,33
愛知県豊明市,33
愛知県あま市,33
滋賀県甲賀市,33
大阪府大阪市東住吉区,33
兵庫県神戸市須磨区,33
福岡県福岡市城南区,33
福岡県宗像市,33
宮城県栗原市,32
栃木県真岡市,32
神奈川県綾瀬市,32
福井県越前市,32
山梨県南アルプス市,32
愛知県犬山市,32
愛知県江南市,32
愛知県田原市,32
大阪府大阪市東成区,32
福岡県北九州市門司区,32
福岡県筑紫野市,32
佐賀県鳥栖市,32
青森県十和田市,31
栃木県大田原市,31
千葉県東金市,31
千葉県袖ケ浦市,31
千葉県香取市,31
新潟県燕市,31
石川県加賀市,31
静岡県浜松市浜北区,31
愛知県知立市,31
愛知県尾張旭市,31
愛知県日進市,31
京都府京都市東山区,31
京都府亀岡市,31
大阪府貝塚市,31
奈良県大和郡山市,31
岡山県総社市,31
長崎県大村市,31
沖縄県宜野湾市,31
秋田県大館市,30
福島県白河市,30
群馬県館林市,30
東京都東大和市,30
新潟県柏崎市,30
愛知県北名古屋市,30
大阪府大阪市鶴見区,30
和歌山県田辺市,30
大分県日田市,30
宮城県多賀城市,29
茨城県坂東市,29
群馬県渋川市,29
埼玉県飯能市,29
埼玉県坂戸市,29
埼玉県鶴ヶ島市,29
千葉県富里市,29
東京都稲城市,29
静岡県裾野市,29
愛知県碧南市,29
愛知県みよし市,29
大阪府河内長野市,29
兵庫県豊岡市,29
兵庫県三田市,29
奈良県天理市,29
愛媛県宇和島市,29
福岡県大野城市,29
福岡県糸島市,29
熊本県天草市,29
大分県佐伯市,29
北海道登別市,28
群馬県藤岡市,28
東京都狛江市,28
新潟県新潟市江南区,28
石川県七尾市,28
福井県鯖江市,28
長野県塩尻市,28
愛知県常滑市,28
愛知県知多市,28
大阪府大阪市大正区,28
大阪府富田林市,28
北海道滝川市,27
茨城県龍ケ崎市,27
茨城県那珂市,27
神奈川県横浜市栄区,27
新潟県新潟市秋葉区,27
石川県野々市市,27
岐阜県中津川市,27
岐阜県美濃加茂市,27
静岡県熱海市,27
京都府舞鶴市,27
大阪府大阪市此花区,27
山口県山陽小野田市,27
鹿児島県姶良市,27
青森県むつ市,26
茨城県牛久市,26
栃木県下野市,26
埼玉県和光市,26
埼玉県ふじみ野市,26
東京都清瀬市,26
東京都羽村市,26
新潟県新潟市北区,26
新潟県南魚沼市,26
長野県岡谷市,26
長野県伊那市,26
愛知県長久手市,26
京都府京都市上京区,26
京都府福知山市,26
兵庫県高砂市,26
熊本県合志市,26
青森県五所川原市,25
岩手県滝沢市,25
山形県天童市,25
茨城県守谷市,25
茨城県鉾田市,25
埼玉県行田市,25
東京都福生市,25
東京都武蔵村山市,25
東京都あきる野市,25
山梨県富士吉田市,25
長野県諏訪市,25
大阪府堺市南区,25
大阪府泉大津市,25
香川県坂出市,25
福岡県北九州市若松区,25
福岡県直方市,25
福岡県春日市,25
福岡県朝倉市,25
熊本県熊本市西区,25
鹿児島県出水市,25
沖縄県糸満市,25
沖縄県豊見城市,25
北海道北広島市,24
北海道北斗市,24
秋田県能代市,24
茨城県稲敷郡阿見町,24
栃木県さくら市,24
埼玉県北本市,24
埼玉県蓮田市,24
埼玉県吉川市,24
千葉県銚子市,24
新潟県村上市,24
岐阜県恵那市,24
静岡県牧之原市,24
愛知県津島市,24
愛知県高浜市,24
愛知県清須市,24
三重県亀山市,24
滋賀県近江八幡市,24
滋賀県守山市,24
滋賀県栗東市,24
兵庫県三木市,24
鳥取県倉吉市,24
広島県三次市,24
徳島県鳴門市,24
香川県三豊市,24
佐賀県武雄市,24
熊本県菊池郡菊陽町,24
宮城県塩竈市,23
茨城県東茨城郡茨城町,23
埼玉県羽生市,23
埼玉県蕨市,23
埼玉県日高市,23
長野県茅野市,23
岐阜県羽島市,23
岐阜県郡上市,23
静岡県駿東郡長泉町,23
大阪府大阪市旭区,23
大阪府羽曳野市,23
兵庫県たつの市,23
高知県南国市,23
福岡県行橋市,23
熊本県玉名市,23
宮崎県日向市,23
岩手県大船渡市,22
宮城県岩沼市,22
福島県二本松市,22
茨城県結城市,22
茨城県北茨城市,22
茨城県桜川市,22
埼玉県秩父市,22
神奈川県高座郡寒川町,22
新潟県新潟市西蒲区,22
新潟県十日町市,22
山梨県北杜市,22
長野県千曲市,22
静岡県湖西市,22
静岡県菊川市,22
愛知県愛知郡東郷町,22
愛知県知多郡武豊町,22
滋賀県湖南市,22
京都府八幡市,22
大阪府堺市東区,22
兵庫県川西市,22
兵庫県丹波市,22
奈良県生駒市,22
島根県浜田市,22
広島県広島市安芸区,22
山口県下松市,22
香川県観音寺市,22
福岡県北九州市戸畑区,22
福岡県北九州市八幡東区,22
福岡県田川市,22
福岡県八女市,22
岩手県宮古市,21
福島県伊達市,21
茨城県下妻市,21
茨城県小美玉市,21
群馬県沼田市,21
千葉県館山市,21
千葉県富津市,21
長野県須坂市,21
愛知県新城市,21
愛知県弥富市,21
三重県名張市,21
福岡県柳川市,21
佐賀県伊万里市,21
長崎県島原市,21
熊本県宇城市,21
北海道網走市,20
青森県三沢市,20
宮城県東松島市,20
宮城県亘理郡亘理町,20
山形県新庄市,20
山形県東根市,20
福島県本宮市,20
茨城県常陸太田市,20
茨城県常陸大宮市,20
茨城県つくばみらい市,20
茨城県那珂郡東海村,20
栃木県河内郡上三川町,20
栃木県下都賀郡壬生町,20
群馬県みどり市,20
埼玉県桶川市,20
神奈川県愛甲郡愛川町,20
新潟県五泉市,20
富山県砺波市,20
石川県能美市,20
岐阜県瑞穂市,20
静岡県伊豆の国市,20
三重県いなべ市,20
三重県志摩市,20
滋賀県米原市,20
兵庫県南あわじ市,20
和歌山県橋本市,20
和歌山県岩出市,20
徳島県阿南市,20
福岡県福津市,20
佐賀県小城市,20
熊本県菊池市,20
大分県宇佐市,20
群馬県安中市,19
埼玉県志木市,19
千葉県白井市,19
山梨県南都留郡富士河口湖町,19
長野県小諸市,19
静岡県伊豆市,19
愛知県愛西市,19
兵庫県淡路市,19
奈良県桜井市,19
和歌山県紀の川市,19
岡山県玉野市,19
徳島県小松島市,19
福岡県筑後市,19
沖縄県中頭郡北谷町,19
沖縄県島尻郡南風原町,19
北海道稚内市,18
北海道根室市,18
北海道伊達市,18
北海道標津郡中標津町,18
岩手県陸前高田市,18
宮城県富谷市,18
秋田県湯沢市,18
福島県相馬市,18
茨城県稲敷市,18
千葉県鴨川市,18
千葉県大網白里市,18
東京都西多摩郡瑞穂町,18
富山県魚津市,18
長野県中野市,18
愛知県額田郡幸田町,18
滋賀県野洲市,18
滋賀県高島市,18
京都府京田辺市,18
京都府木津川市,18
大阪府藤井寺市,18
大阪府泉南市,18
大阪府四條畷市,18
大阪府交野市,18
兵庫県芦屋市,18
島根県安来市,18
香川県善通寺市,18
愛媛県大洲市,18
福岡県京都郡苅田町,18
熊本県荒尾市,18
大分県国東市,18
宮崎県小林市,18
鹿児島県日置市,18
沖縄県宮古島市,18
北海道日高郡新ひだか町,17
北海道河東郡音更町,17
福島県田村市,17
群馬県富岡市,17
千葉県匝瑳市,17
千葉県山武市,17
新潟県妙高市,17
富山県黒部市,17
山梨県山梨市,17
山梨県甲州市,17
山梨県中巨摩郡昭和町,17
岐阜県土岐市,17
静岡県駿東郡清水町,17
愛知県岩倉市,17
三重県三重郡菰野町,17
京都府城陽市,17
兵庫県加東市,17
奈良県香芝市,17
和歌山県海南市,17
島根県益田市,17
岡山県真庭市,17
香川県さぬき市,17
愛媛県西予市,17
福岡県大川市,17
福岡県中間市,17
福岡県太宰府市,17
福岡県古賀市,17
熊本県菊池郡大津町,17
北海道紋別市,16
北海道名寄市,16
青森県黒石市,16
青森県つがる市,16
宮城県白石市,16
宮城県黒川郡大和町,16
山形県寒河江市,16
福島県喜多方市,16
茨城県かすみがうら市,16
栃木県矢板市,16
埼玉県北足立郡伊奈町,16
埼玉県入間郡三芳町,16
埼玉県北葛飾郡杉戸町,16
新潟県新潟市南区,16
新潟県糸魚川市,16
富山県氷見市,16
富山県南砺市,16
山梨県都留市,16
山梨県韮崎市,16
山梨県中央市,16
長野県北佐久郡軽井沢町,16
岐阜県瑞浪市,16
京都府長岡京市,16
兵庫県赤穂市,16
奈良県大和高田市,16
岡山県笠岡市,16
山口県光市,16
徳島県吉野川市,16
愛媛県伊予市,16
福岡県那珂川市,16
長崎県西彼杵郡長与町,16
沖縄県石垣市,16
沖縄県南城市,16
宮城県柴田郡柴田町,15
宮城県宮城郡利府町,15
茨城県行方市,15
埼玉県白岡市,15
千葉県南房総市,15
神奈川県南足柄市,15
神奈川県足柄下郡箱根町,15
石川県かほく市,15
岐阜県羽島郡岐南町,15
愛知県海部郡蟹江町,15
愛知県知多郡東浦町,15
京都府向日市,15
京都府京丹後市,15
大阪府柏原市,15
鳥取県境港市,15
高知県香美市,15
福岡県小郡市,15
福岡県宮若市,15
長崎県雲仙市,15
大分県由布市,15
北海道亀田郡七飯町,14
北海道網走郡美幌町,14
北海道釧路郡釧路町,14
宮城県角田市,14
宮城県柴田郡大河原町,14
秋田県鹿角市,14
秋田県北秋田市,14
茨城県結城郡八千代町,14
群馬県邑楽郡大泉町,14
埼玉県大里郡寄居町,14
新潟県小千谷市,14
富山県小矢部市,14
静岡県下田市,14
愛知県丹羽郡大口町,14
大阪府堺市美原区,14
兵庫県洲本市,14
兵庫県丹波篠山市,14
兵庫県宍粟市,14
岡山県瀬戸内市,14
岡山県赤磐市,14
愛媛県八幡浜市,14
高知県四万十市,14
福岡県糟屋郡志免町,14
佐賀県三養基郡みやき町,14
長崎県西彼杵郡時津町,14
熊本県上益城郡益城町,14
大分県臼杵市,14
宮崎県日南市,14
岩手県釜石市,13
岩手県紫波郡紫波町,13
岩手県紫波郡矢巾町,13
秋田県仙北市,13
茨城県猿島郡境町,13
群馬県佐波郡玉村町,13
埼玉県入間郡毛呂山町,13
埼玉県南埼玉郡宮代町,13
神奈川県逗子市,13
神奈川県三浦市,13
新潟県見附市,13
長野県駒ヶ根市,13
岐阜県本巣市,13
岐阜県下呂市,13
静岡県田方郡函南町,13
静岡県榛原郡吉田町,13
大阪府阪南市,13
兵庫県西脇市,13
兵庫県小野市,13
奈良県葛城市,13
広島県府中市,13
広島県安芸郡府中町,13
山口県柳井市,13
徳島県阿波市,13
徳島県美馬市,13
佐賀県鹿島市,13
熊本県人吉市,13
熊本県山鹿市,13
沖縄県中頭郡読谷村,13
北海道富良野市,12
北海道虻田郡倶知安町,12
北海道白老郡白老町,12
青森県上北郡おいらせ町,12
岩手県久慈市,12
山形県南陽市,12
茨城県高萩市,12
栃木県塩谷郡高根沢町,12
栃木県那須郡那須町,12
群馬県邑楽郡邑楽町,12
埼玉県幸手市,12
千葉県いすみ市,12
千葉県山武郡横芝光町,12
新潟県魚沼市,12
富山県滑川市,12
福井県小浜市,12
福井県あわら市,12
長野県大町市,12
静岡県御前崎市,12
愛知県海部郡大治町,12
愛知県知多郡阿久比町,12
大阪府高石市,12
大阪府大阪狭山市,12
兵庫県朝来市,12
和歌山県御坊市,12
和歌山県新宮市,12
広島県安芸高田市,12
山口県長門市,12
愛媛県伊予郡松前町,12
福岡県糟屋郡宇美町,12
福岡県糟屋郡粕屋町,12
長崎県平戸市,12
長崎県西海市,12
熊本県阿蘇市,12
鹿児島県指宿市,12
鹿児島県志布志市,12
鹿児島県奄美市,12
鹿児島県南九州市,12
鹿児島県伊佐市,12
沖縄県島尻郡八重瀬町,12
北海道美唄市,11
北海道砂川市,11
北海道深川市,11
北海道二海郡八雲町,11
北海道余市郡余市町,11
北海道紋別郡遠軽町,11
北海道沙流郡日高町,11
北海道中川郡幕別町,11
北海道野付郡別海町,11
岩手県八幡平市,11
宮城県遠田郡涌谷町,11
宮城県遠田郡美里町,11
秋田県潟上市,11
山形県村山市,11
山形県長井市,11
茨城県潮来市,11
栃木県那須烏山市,11
栃木県芳賀郡益子町,11
栃木県下都賀郡野木町,11
埼玉県比企郡滑川町,11
埼玉県比企郡川島町,11
埼玉県児玉郡上里町,11
神奈川県足柄下郡湯河原町,11
新潟県阿賀野市,11
福井県大野市,11
岐阜県海津市,11
岐阜県養老郡養老町,11
静岡県駿東郡小山町,11
愛知県丹羽郡扶桑町,11
京都府綾部市,11
大阪府泉南郡熊取町,11
島根県江津市,11
広島県庄原市,11
広島県大竹市,11
広島県安芸郡海田町,11
山口県萩市,11
山口県美祢市,11
徳島県三好市,11
徳島県板野郡藍住町,11
愛媛県東温市,11
高知県土佐市,11
福岡県嘉麻市,11
佐賀県嬉野市,11
長崎県南島原市,11
熊本県宇土市,11
熊本県上天草市,11
沖縄県中頭郡西原町,11
北海道留萌市,10
北海道石狩郡当別町,10
北海道浦河郡浦河町,10
青森県平川市,10
岩手県遠野市,10
岩手県二戸市,10
宮城県本吉郡南三陸町,10
山形県上山市,10
山形県尾花沢市,10
山形県東置賜郡高畠町,10
山形県東置賜郡川西町,10
福島県西白河郡矢吹町,10
埼玉県比企郡小川町,10
神奈川県中郡大磯町,10
富山県中新川郡立山町,10
石川県羽咋市,10
石川県河北郡津幡町,10
長野県東御市,10
長野県上伊那郡辰野町,10
岐阜県本巣郡北方町,10
兵庫県相生市,10
兵庫県加西市,10
兵庫県揖保郡太子町,10
奈良県北葛城郡広陵町,10
和歌山県東牟婁郡那智勝浦町,10
島根県大田市,10
島根県雲南市,10
岡山県井原市,10
岡山県高梁市,10
岡山県新見市,10
岡山県備前市,10
岡山県美作市,10
広島県竹原市,10
広島県江田島市,10
徳島県名西郡石井町,10
徳島県板野郡松茂町,10
徳島県板野郡北島町,10
香川県綾歌郡宇多津町,10
愛媛県南宇和郡愛南町,10
高知県須崎市,10
高知県香南市,10
福岡県豊前市,10
福岡県みやま市,10
福岡県糟屋郡篠栗町,10
福岡県糟屋郡須惠町,10
福岡県八女郡広川町,10
佐賀県神埼郡吉野ヶ里町,10
大分県杵築市,10
大分県豊後大野市,10
宮崎県西都市,10
北海道士別市,9
北海道茅部郡森町,9
北海道岩内郡岩内町,9
青森県上北郡七戸町,9
宮城県加美郡加美町,9
秋田県男鹿市,9
茨城県東茨城郡城里町,9
千葉県勝浦市,9
千葉県香取郡多古町,9
新潟県胎内市,9
新潟県北蒲原郡聖籠町,9
石川県河北郡内灘町,9
山梨県大月市,9
山梨県上野原市,9
山梨県南都留郡山中湖村,9
長野県飯山市,9
長野県上伊那郡箕輪町,9
長野県上伊那郡南箕輪村,9
長野県埴科郡坂城町,9
岐阜県飛騨市,9
岐阜県安八郡神戸町,9
岐阜県揖斐郡揖斐川町,9
愛知県知多郡南知多町,9
愛知県知多郡美浜町,9
京都府久世郡久御山町,9
兵庫県川辺郡猪名川町,9
兵庫県加古郡稲美町,9
奈良県五條市,9
奈良県御所市,9
奈良県宇陀市,9
和歌山県有田市,9
岡山県浅口市,9
広島県安芸郡熊野町,9
高知県宿毛市,9
高知県吾川郡いの町,9
福岡県糟屋郡新宮町,9
佐賀県神埼市,9
佐賀県三養基郡基山町,9
佐賀県西松浦郡有田町,9
大分県速見郡日出町,9
大分県玖珠郡玖珠町,9
宮崎県児湯郡高鍋町,9
鹿児島県曽於市,9
鹿児島県薩摩郡さつま町,9
鹿児島県肝属郡肝付町,9
沖縄県国頭郡本部町,9
北海道斜里郡斜里町,8
青森県上北郡六戸町,8
福島県岩瀬郡鏡石町,8
福島県西白河郡西郷村,8
福島県東白川郡棚倉町,8
群馬県利根郡みなかみ町,8
埼玉県比企郡吉見町,8
埼玉県北葛飾郡松伏町,8
千葉県印旛郡酒々井町,8
千葉県山武郡九十九里町,8
神奈川県中郡二宮町,8
新潟県佐渡市,8
富山県中新川郡上市町,8
富山県下新川郡入善町,8
福井県勝山市,8
福井県吉田郡永平寺町,8
長野県北佐久郡御代田町,8
岐阜県羽島郡笠松町,8
岐阜県不破郡垂井町,8
静岡県浜松市天竜区,8
愛知県海部郡飛島村,8
三重県員弁郡東員町,8
滋賀県蒲生郡竜王町,8
滋賀県愛知郡愛荘町,8
兵庫県加古郡播磨町,8
奈良県磯城郡田原本町,8
和歌山県西牟婁郡白浜町,8
香川県仲多度郡多度津町,8
香川県仲多度郡まんのう町,8
福岡県うきは市,8
福岡県糟屋郡久山町,8
福岡県遠賀郡水巻町,8
福岡県朝倉郡筑前町,8
長崎県五島市,8
熊本県上益城郡嘉島町,8
宮崎県北諸県郡三股町,8
鹿児島県垂水市,8
鹿児島県いちき串木野市,8
沖縄県国頭郡恩納村,8
沖縄県中頭郡中城村,8
北海道芦別市,7
北海道檜山郡江差町,7
北海道河西郡芽室町,7
北海道厚岸郡厚岸町,7
青森県北津軽郡鶴田町,7
青森県上北郡東北町,7
青森県上北郡六ヶ所村,7
青森県三戸郡五戸町,7
岩手県上閉伊郡大槌町,7
宮城県柴田郡村田町,7
秋田県仙北郡美郷町,7
山形県西置賜郡小国町,7
福島県南会津郡南会津町,7
福島県河沼郡会津坂下町,7
福島県石川郡石川町,7
福島県田村郡三春町,7
茨城県東茨城郡大洗町,7
栃木県那須郡那珂川町,7
群馬県北群馬郡吉岡町,7
千葉県印旛郡栄町,7
千葉県長生郡長生村,7
神奈川県足柄上郡大井町,7
富山県下新川郡朝日町,7
石川県輪島市,7
石川県羽咋郡志賀町,7
福井県三方郡美浜町,7
山梨県南巨摩郡富士川町,7
長野県諏訪郡下諏訪町,7
長野県北安曇郡白馬村,7
岐阜県美濃市,7
岐阜県安八郡安八町,7
静岡県周智郡森町,7
三重県鳥羽市,7
三重県三重郡川越町,7
三重県多気郡多気町,7
三重県度会郡玉城町,7
京都府乙訓郡大山崎町,7
大阪府三島郡島本町,7
兵庫県神崎郡福崎町,7
奈良県生駒郡斑鳩町,7
奈良県北葛城郡王寺町,7
和歌山県有田郡有田川町,7
鳥取県東伯郡湯梨浜町,7
香川県東かがわ市,7
香川県綾歌郡綾川町,7
愛媛県伊予郡砥部町,7
福岡県遠賀郡岡垣町,7
福岡県遠賀郡遠賀町,7
福岡県鞍手郡鞍手町,7
福岡県田川郡川崎町,7
福岡県築上郡築上町,7
佐賀県多久市,7
長崎県松浦市,7
長崎県対馬市,7
熊本県上益城郡御船町,7
大分県豊後高田市,7
宮崎県児湯郡新富町,7
鹿児島県枕崎市,7
鹿児島県阿久根市,7
鹿児島県西之表市,7
沖縄県中頭郡嘉手納町,7
沖縄県中頭郡北中城村,7
北海道空知郡上富良野町,6
北海道留萌郡小平町,6
北海道紋別郡湧別町,6
北海道勇払郡安平町,6
北海道川上郡標茶町,6
青森県三戸郡階上町,6
岩手県岩手郡雫石町,6
岩手県胆沢郡金ケ崎町,6
宮城県刈田郡蔵王町,6
宮城県柴田郡川崎町,6
宮城県亘理郡山元町,6
宮城県宮城郡松島町,6
宮城県黒川郡大郷町,6
秋田県にかほ市,6
山形県西村山郡河北町,6
福島県伊達郡川俣町,6
福島県大沼郡会津美里町,6
福島県田村郡小野町,6
福島県双葉郡富岡町,6
福島県双葉郡浪江町,6
茨城県久慈郡大子町,6
埼玉県秩父郡小鹿野町,6
埼玉県児玉郡神川町,6
千葉県長生郡白子町,6
東京都西多摩郡日の出町,6
神奈川県三浦郡葉山町,6
神奈川県足柄上郡中井町,6
神奈川県足柄上郡開成町,6
福井県丹生郡越前町,6
福井県三方上中郡若狭町,6
山梨県西八代郡市川三郷町,6
長野県南佐久郡小海町,6
長野県諏訪郡富士見町,6
長野県下伊那郡松川町,6
長野県下伊那郡高森町,6
長野県北安曇郡池田町,6
長野県下高井郡山ノ内町,6
岐阜県山県市,6
岐阜県揖斐郡大野町,6
岐阜県揖斐郡池田町,6
岐阜県可児郡御嵩町,6
静岡県賀茂郡東伊豆町,6
愛知県西春日井郡豊山町,6
三重県多気郡明和町,6
滋賀県蒲生郡日野町,6
京都府南丹市,6
兵庫県養父市,6
奈良県吉野郡大淀町,6
鳥取県八頭郡八頭町,6
岡山県浅口郡里庄町,6
広島県山県郡北広島町,6
徳島県板野郡板野町,6
徳島県板野郡上板町,6
徳島県三好郡東みよし町,6
高知県高岡郡四万十町,6
福岡県嘉穂郡桂川町,6
福岡県三潴郡大木町,6
福岡県田川郡福智町,6
長崎県北松浦郡佐々町,6
熊本県阿蘇郡南阿蘇村,6
熊本県上益城郡甲佐町,6
大分県津久見市,6
宮崎県串間市,6
宮崎県児湯郡都農町,6
鹿児島県南さつま市,6
沖縄県国頭郡金武町,6
沖縄県島尻郡与那原町,6
北海道夕張市,5
北海道赤平市,5
北海道上磯郡知内町,5
北海道夕張郡由仁町,5
北海道夕張郡長沼町,5
北海道夕張郡栗山町,5
北海道枝幸郡枝幸町,5
北海道網走郡大空町,5
北海道勇払郡むかわ町,5
北海道河東郡士幌町,5
北海道上川郡清水町,5
北海道中川郡池田町,5
北海道川上郡弟子屈町,5
北海道白糠郡白糠町,5
青森県南津軽郡藤崎町,5
青森県上北郡野辺地町,5
岩手県西磐井郡平泉町,5
宮城県伊具郡丸森町,5
宮城県黒川郡大衡村,5
秋田県山本郡三種町,5
山形県最上郡最上町,5
山形県西置賜郡白鷹町,5
山形県東田川郡庄内町,5
福島県西白河郡泉崎村,5
福島県石川郡玉川村,5
福島県双葉郡広野町,5
栃木県芳賀郡芳賀町,5
群馬県吾妻郡草津町,5
群馬県邑楽郡板倉町,5
埼玉県比企郡嵐山町,5
埼玉県児玉郡美里町,5
千葉県山武郡芝山町,5
千葉県長生郡一宮町,5
新潟県加茂市,5
新潟県南蒲原郡田上町,5
新潟県東蒲原郡阿賀町,5
福井県南条郡南越前町,5
福井県大飯郡高浜町,5
三重県尾鷲市,5
三重県熊野市,5
京都府相楽郡精華町,5
京都府船井郡京丹波町,5
京都府与謝郡与謝野町,5
大阪府泉北郡忠岡町,5
大阪府泉南郡岬町,5
大阪府南河内郡河南町,5
兵庫県多可郡多可町,5
兵庫県佐用郡佐用町,5
兵庫県美方郡新温泉町,5
奈良県北葛城郡河合町,5
和歌山県伊都郡かつらぎ町,5
和歌山県東牟婁郡串本町,5
鳥取県岩美郡岩美町,5
鳥取県東伯郡琴浦町,5
鳥取県東伯郡北栄町,5
鳥取県西伯郡大山町,5
鳥取県西伯郡伯耆町,5
島根県仁多郡奥出雲町,5
岡山県和気郡和気町,5
岡山県苫田郡鏡野町,5
岡山県勝田郡勝央町,5
広島県世羅郡世羅町,5
山口県熊毛郡田布施町,5
香川県木田郡三木町,5
高知県安芸市,5
福岡県遠賀郡芦屋町,5
福岡県三井郡大刀洗町,5
福岡県京都郡みやこ町,5
佐賀県三養基郡上峰町,5
佐賀県杵島郡白石町,5
長崎県壱岐市,5
長崎県東彼杵郡東彼杵町,5
長崎県東彼杵郡川棚町,5
長崎県東彼杵郡波佐見町,5
長崎県南松浦郡新上五島町,5
熊本県水俣市,5
熊本県玉名郡南関町,5
熊本県上益城郡山都町,5
熊本県球磨郡錦町,5
大分県竹田市,5
宮崎県えびの市,5
宮崎県東臼杵郡門川町,5
沖縄県国頭郡今帰仁村,5
北海道三笠市,4
北海道松前郡松前町,4
北海道山越郡長万部町,4
北海道久遠郡せたな町,4
北海道虻田郡留寿都村,4
北海道岩内郡共和町,4
北海道樺戸郡新十津川町,4
北海道上川郡東神楽町,4
北海道上川郡上川町,4
北海道上川郡美瑛町,4
北海道苫前郡羽幌町,4
北海道虻田郡洞爺湖町,4
北海道上川郡新得町,4
北海道目梨郡羅臼町,4
青森県南津軽郡田舎館村,4
青森県北津軽郡板柳町,4
青森県三戸郡三戸町,4
青森県三戸郡南部町,4
岩手県岩手郡岩手町,4
岩手県九戸郡軽米町,4
岩手県二戸郡一戸町,4
宮城県宮城郡七ヶ浜町,4
宮城県牡鹿郡女川町,4
秋田県南秋田郡五城目町,4
山形県東村山郡中山町,4
福島県伊達郡桑折町,4
福島県伊達郡国見町,4
福島県安達郡大玉村,4
福島県耶麻郡猪苗代町,4
茨城県稲敷郡美浦村,4
茨城県猿島郡五霞町,4
栃木県芳賀郡市貝町,4
群馬県吾妻郡中之条町,4
群馬県吾妻郡東吾妻町,4
群馬県邑楽郡明和町,4
群馬県邑楽郡千代田町,4
埼玉県比企郡鳩山町,4
埼玉県秩父郡皆野町,4
千葉県香取郡神崎町,4
千葉県香取郡東庄町,4
千葉県夷隅郡大多喜町,4
東京都西多摩郡奥多摩町,4
神奈川県足柄上郡松田町,4
新潟県中魚沼郡津南町,4
石川県珠洲市,4
石川県鹿島郡中能登町,4
石川県鳳珠郡穴水町,4
山梨県南巨摩郡身延町,4
山梨県南都留郡西桂町,4
長野県上伊那郡飯島町,4
長野県下伊那郡阿智村,4
長野県木曽郡木曽町,4
長野県東筑摩郡山形村,4
岐阜県安八郡輪之内町,4
岐阜県加茂郡坂祝町,4
静岡県賀茂郡河津町,4
静岡県賀茂郡西伊豆町,4
三重県三重郡朝日町,4
三重県度会郡大紀町,4
滋賀県犬上郡多賀町,4
大阪府泉南郡田尻町,4
大阪府南河内郡太子町,4
奈良県生駒郡三郷町,4
奈良県高市郡明日香村,4
奈良県北葛城郡上牧町,4
和歌山県西牟婁郡上富田町,4
鳥取県西伯郡南部町,4
岡山県都窪郡早島町,4
岡山県小田郡矢掛町,4
岡山県久米郡美咲町,4
香川県小豆郡土庄町,4
香川県小豆郡小豆島町,4
愛媛県西宇和郡伊方町,4
高知県土佐清水市,4
高知県高岡郡津野町,4
高知県幡多郡黒潮町,4
福岡県田川郡香春町,4
佐賀県藤津郡太良町,4
熊本県玉名郡長洲町,4
熊本県玉名郡和水町,4
宮崎県東諸県郡国富町,4
宮崎県児湯郡川南町,4
宮崎県西臼杵郡高千穂町,4
鹿児島県肝属郡南大隅町,4
北海道上磯郡木古内町,3
北海道檜山郡厚沢部町,3
北海道爾志郡乙部町,3
北海道寿都郡寿都町,3
北海道磯谷郡蘭越町,3
北海道空知郡南幌町,3
北海道空知郡奈井江町,3
北海道樺戸郡月形町,3
北海道上川郡鷹栖町,3
北海道上川郡当麻町,3
北海道空知郡中富良野町,3
北海道上川郡和寒町,3
北海道増毛郡増毛町,3
北海道斜里郡小清水町,3
北海道紋別郡興部町,3
北海道紋別郡雄武町,3
北海道沙流郡平取町,3
北海道様似郡様似町,3
北海道幌泉郡えりも町,3
北海道河東郡鹿追町,3
北海道河西郡中札内村,3
北海道中川郡本別町,3
北海道足寄郡足寄町,3
北海道厚岸郡浜中町,3
北海道標津郡標津町,3
青森県東津軽郡平内町,3
青森県西津軽郡鰺ヶ沢町,3
青森県北津軽郡中泊町,3
青森県上北郡横浜町,3
岩手県気仙郡住田町,3
岩手県下閉伊郡山田町,3
宮城県加美郡色麻町,3
秋田県南秋田郡八郎潟町,3
秋田県雄勝郡羽後町,3
山形県西村山郡大江町,3
山形県西置賜郡飯豊町,3
山形県東田川郡三川町,3
山形県飽海郡遊佐町,3
福島県南会津郡下郷町,3
福島県東白川郡塙町,3
福島県石川郡浅川町,3
福島県双葉郡楢葉町,3
福島県相馬郡新地町,3
茨城県稲敷郡河内町,3
栃木県塩谷郡塩谷町,3
群馬県北群馬郡榛東村,3
群馬県甘楽郡下仁田町,3
埼玉県入間郡越生町,3
埼玉県比企郡ときがわ町,3
千葉県長生郡睦沢町,3
千葉県長生郡長柄町,3
千葉県長生郡長南町,3
千葉県安房郡鋸南町,3
神奈川県足柄上郡山北町,3
新潟県西蒲原郡弥彦村,3
新潟県南魚沼郡湯沢町,3
新潟県岩船郡関川村,3
石川県羽咋郡宝達志水町,3
石川県鳳珠郡能登町,3
山梨県南巨摩郡南部町,3
山梨県南都留郡忍野村,3
山梨県南都留郡鳴沢村,3
長野県南佐久郡南牧村,3
長野県北佐久郡立科町,3
長野県上伊那郡宮田村,3
長野県北安曇郡松川村,3
長野県上高井郡小布施町,3
長野県上水内郡飯綱町,3
岐阜県不破郡関ケ原町,3
岐阜県加茂郡川辺町,3
静岡県賀茂郡南伊豆町,3
静岡県賀茂郡松崎町,3
三重県度会郡南伊勢町,3
三重県北牟婁郡紀北町,3
三重県南牟婁郡御浜町,3
三重県南牟婁郡紀宝町,3
京都府宮津市,3
京都府綴喜郡宇治田原町,3
大阪府豊能郡能勢町,3
奈良県生駒郡平群町,3
奈良県高市郡高取町,3
奈良県吉野郡吉野町,3
和歌山県有田郡湯浅町,3
和歌山県日高郡日高町,3
和歌山県日高郡みなべ町,3
鳥取県東伯郡三朝町,3
島根県邑智郡川本町,3
島根県邑智郡邑南町,3
岡山県勝田郡奈義町,3
広島県山県郡安芸太田町,3
山口県大島郡周防大島町,3
山口県熊毛郡平生町,3
徳島県海部郡海陽町,3
徳島県美馬郡つるぎ町,3
愛媛県越智郡上島町,3
愛媛県上浮穴郡久万高原町,3
愛媛県喜多郡内子町,3
高知県室戸市,3
高知県高岡郡佐川町,3
高知県高岡郡日高村,3
福岡県田川郡添田町,3
佐賀県杵島郡江北町,3
熊本県下益城郡美里町,3
熊本県八代郡氷川町,3
熊本県球磨郡多良木町,3
熊本県球磨郡あさぎり町,3
鹿児島県出水郡長島町,3
鹿児島県曽於郡大崎町,3
鹿児島県大島郡瀬戸内町,3
沖縄県国頭郡宜野座村,3
北海道歌志内市,2
北海道石狩郡新篠津村,2
北海道松前郡福島町,2
北海道茅部郡鹿部町,2
北海道檜山郡上ノ国町,2
北海道瀬棚郡今金町,2
北海道虻田郡ニセコ町,2
北海道虻田郡真狩村,2
北海道虻田郡喜茂別町,2
北海道虻田郡京極町,2
北海道余市郡仁木町,2
北海道空知郡上砂川町,2
北海道雨竜郡雨竜町,2
北海道上川郡比布町,2
北海道上川郡東川町,2
北海道中川郡美深町,2
北海道苫前郡苫前町,2
北海道天塩郡遠別町,2
北海道天塩郡天塩町,2
北海道枝幸郡浜頓別町,2
北海道天塩郡豊富町,2
北海道利尻郡利尻富士町,2
北海道網走郡津別町,2
北海道斜里郡清里町,2
北海道常呂郡訓子府町,2
北海道常呂郡佐呂間町,2
北海道虻田郡豊浦町,2
北海道有珠郡壮瞥町,2
北海道新冠郡新冠町,2
北海道河東郡上士幌町,2
北海道河西郡更別村,2
北海道広尾郡広尾町,2
北海道十勝郡浦幌町,2
北海道阿寒郡鶴居村,2
青森県東津軽郡蓬田村,2
青森県東津軽郡外ヶ浜町,2
青森県西津軽郡深浦町,2
青森県南津軽郡大鰐町,2
青森県下北郡風間浦村,2
青森県三戸郡新郷村,2
岩手県岩手郡葛巻町,2
岩手県下閉伊郡岩泉町,2
岩手県九戸郡洋野町,2
秋田県鹿角郡小坂町,2
秋田県北秋田郡上小阿仁村,2
秋田県山本郡八峰町,2
山形県東村山郡山辺町,2
山形県西村山郡西川町,2
山形県西村山郡朝日町,2
山形県最上郡金山町,2
山形県最上郡戸沢村,2
福島県岩瀬郡天栄村,2
福島県耶麻郡北塩原村,2
福島県河沼郡湯川村,2
福島県東白川郡矢祭町,2
福島県石川郡古殿町,2
福島県双葉郡川内村,2
福島県双葉郡大熊町,2
茨城県北相馬郡利根町,2
栃木県芳賀郡茂木町,2
群馬県甘楽郡甘楽町,2
群馬県吾妻郡長野原町,2
群馬県吾妻郡嬬恋村,2
群馬県吾妻郡高山村,2
群馬県利根郡片品村,2
群馬県利根郡昭和村,2
埼玉県秩父郡横瀬町,2
埼玉県秩父郡長瀞町,2
千葉県夷隅郡御宿町,2
神奈川県足柄下郡真鶴町,2
新潟県三島郡出雲崎町,2
新潟県刈羽郡刈羽村,2
富山県中新川郡舟橋村,2
福井県大飯郡おおい町,2
長野県南佐久郡川上村,2
長野県南佐久郡佐久穂町,2
長野県小県郡青木村,2
長野県小県郡長和町,2
長野県諏訪郡原村,2
長野県上伊那郡中川村,2
長野県下伊那郡下條村,2
長野県下伊那郡喬木村,2
長野県下伊那郡豊丘村,2
長野県木曽郡上松町,2
長野県木曽郡大桑村,2
長野県東筑摩郡麻績村,2
長野県東筑摩郡朝日村,2
長野県北安曇郡小谷村,2
長野県下高井郡木島平村,2
長野県上水内郡信濃町,2
岐阜県加茂郡八百津町,2
岐阜県加茂郡白川町,2
静岡県榛原郡川根本町,2
三重県度会郡度会町,2
滋賀県犬上郡豊郷町,2
滋賀県犬上郡甲良町,2
大阪府豊能郡豊能町,2
兵庫県神崎郡神河町,2
兵庫県赤穂郡上郡町,2
兵庫県美方郡香美町,2
奈良県生駒郡安堵町,2
和歌山県海草郡紀美野町,2
和歌山県伊都郡高野町,2
和歌山県有田郡広川町,2
和歌山県西牟婁郡すさみ町,2
鳥取県八頭郡智頭町,2
島根県鹿足郡津和野町,2
島根県鹿足郡吉賀町,2
島根県隠岐郡隠岐の島町,2
岡山県久米郡久米南町,2
岡山県加賀郡吉備中央町,2
広島県安芸郡坂町,2
徳島県勝浦郡勝浦町,2
徳島県那賀郡那賀町,2
徳島県海部郡牟岐町,2
徳島県海部郡美波町,2
香川県仲多度郡琴平町,2
愛媛県北宇和郡鬼北町,2
高知県安芸郡芸西村,2
高知県長岡郡本山町,2
高知県吾川郡仁淀川町,2
高知県高岡郡中土佐町,2
福岡県築上郡上毛町,2
佐賀県東松浦郡玄海町,2
佐賀県杵島郡大町町,2
熊本県玉名郡玉東町,2
熊本県阿蘇郡南小国町,2
熊本県葦北郡芦北町,2
熊本県葦北郡津奈木町,2
熊本県球磨郡相良村,2
熊本県球磨郡山江村,2
熊本県天草郡苓北町,2
大分県玖珠郡九重町,2
宮崎県西諸県郡高原町,2
宮崎県東諸県郡綾町,2
宮崎県西臼杵郡日之影町,2
宮崎県西臼杵郡五ヶ瀬町,2
鹿児島県姶良郡湧水町,2
鹿児島県肝属郡東串良町,2
鹿児島県肝属郡錦江町,2
鹿児島県熊毛郡中種子町,2
鹿児島県大島郡龍郷町,2
鹿児島県大島郡徳之島町,2
鹿児島県大島郡与論町,2
沖縄県国頭郡国頭村,2
沖縄県国頭郡伊江村,2
沖縄県島尻郡久米島町,2
北海道奥尻郡奥尻町,1
北海道島牧郡島牧村,1
北海道寿都郡黒松内町,1
北海道古宇郡泊村,1
北海道積丹郡積丹町,1
北海道古平郡古平町,1
北海道余市郡赤井川村,1
北海道樺戸郡浦臼町,1
北海道雨竜郡妹背牛町,1
北海道雨竜郡秩父別町,1
北海道雨竜郡北竜町,1
北海道雨竜郡沼田町,1
北海道上川郡愛別町,1
北海道空知郡南富良野町,1
北海道上川郡剣淵町,1
北海道上川郡下川町,1
北海道中川郡音威子府村,1
北海道中川郡中川町,1
北海道苫前郡初山別村,1
北海道宗谷郡猿払村,1
北海道枝幸郡中頓別町,1
北海道礼文郡礼文町,1
北海道利尻郡利尻町,1
北海道天塩郡幌延町,1
北海道常呂郡置戸町,1
北海道紋別郡滝上町,1
北海道紋別郡西興部村,1
北海道勇払郡厚真町,1
北海道広尾郡大樹町,1
北海道中川郡豊頃町,1
青森県東津軽郡今別町,1
青森県下北郡大間町,1
青森県下北郡東通村,1
青森県下北郡佐井村,1
岩手県九戸郡野田村,1
岩手県九戸郡九戸村,1
宮城県刈田郡七ヶ宿町,1
秋田県南秋田郡井川町,1
秋田県南秋田郡大潟村,1
秋田県雄勝郡東成瀬村,1
山形県北村山郡大石田町,1
山形県最上郡舟形町,1
山形県最上郡真室川町,1
山形県最上郡鮭川村,1
福島県耶麻郡西会津町,1
福島県耶麻郡磐梯町,1
福島県河沼郡柳津町,1
福島県西白河郡中島村,1
福島県石川郡平田村,1
福島県双葉郡葛尾村,1
福島県相馬郡飯舘村,1
東京都八丈島八丈町,1
石川県能美郡川北町,1
長野県下伊那郡阿南町,1
長野県木曽郡南木曽町,1
長野県東筑摩郡筑北村,1
長野県上高井郡高山村,1
長野県下高井郡野沢温泉村,1
長野県上水内郡小川村,1
岐阜県加茂郡富加町,1
岐阜県加茂郡七宗町,1
岐阜県大野郡白川村,1
愛知県北設楽郡設楽町,1
愛知県北設楽郡東栄町,1
三重県桑名郡木曽岬町,1
三重県多気郡大台町,1
京都府綴喜郡井手町,1
京都府相楽郡笠置町,1
京都府相楽郡和束町,1
兵庫県神崎郡市川町,1
奈良県磯城郡川西町,1
奈良県磯城郡三宅町,1
奈良県宇陀郡曽爾村,1
和歌山県伊都郡九度山町,1
和歌山県日高郡美浜町,1
和歌山県日高郡由良町,1
和歌山県日高郡印南町,1
和歌山県日高郡日高川町,1
鳥取県西伯郡日吉津村,1
鳥取県日野郡日南町,1
鳥取県日野郡日野町,1
鳥取県日野郡江府町,1
島根県飯石郡飯南町,1
島根県邑智郡美郷町,1
島根県隠岐郡西ノ島町,1
広島県神石郡神石高原町,1
山口県玖珂郡和木町,1
徳島県名東郡佐那河内村,1
徳島県名西郡神山町,1
香川県香川郡直島町,1
愛媛県北宇和郡松野町,1
高知県安芸郡奈半利町,1
高知県安芸郡田野町,1
高知県安芸郡安田町,1
高知県安芸郡北川村,1
高知県長岡郡大豊町,1
高知県土佐郡土佐町,1
高知県高岡郡越知町,1
高知県高岡郡檮原町,1
高知県幡多郡大月町,1
福岡県鞍手郡小竹町,1
福岡県田川郡大任町,1
福岡県築上郡吉富町,1
熊本県阿蘇郡西原村,1
熊本県球磨郡湯前町,1
熊本県球磨郡球磨村,1
宮崎県児湯郡木城町,1
宮崎県東臼杵郡諸塚村,1
宮崎県東臼杵郡美郷町,1
鹿児島県熊毛郡南種子町,1
鹿児島県熊毛郡屋久島町,1
鹿児島県大島郡天城町,1
鹿児島県大島郡伊仙町,1
鹿児島県大島郡和泊町,1
沖縄県国頭郡大宜味村,1
沖縄県島尻郡渡嘉敷村,1
北海道古宇郡神恵内村,0
北海道勇払郡占冠村,0
北海道雨竜郡幌加内町,0
北海道足寄郡陸別町,0
青森県中津軽郡西目屋村,0
青森県三戸郡田子町,0
岩手県和賀郡西和賀町,0
岩手県下閉伊郡田野畑村,0
岩手県下閉伊郡普代村,0
秋田県山本郡藤里町,0
山形県最上郡大蔵村,0
福島県南会津郡檜枝岐村,0
福島県南会津郡只見町,0
福島県大沼郡三島町,0
福島県大沼郡金山町,0
福島県大沼郡昭和村,0
福島県東白川郡鮫川村,0
福島県双葉郡双葉町,0
群馬県多野郡上野村,0
群馬県多野郡神流町,0
群馬県甘楽郡南牧村,0
群馬県利根郡川場村,0
埼玉県秩父郡東秩父村,0
東京都西多摩郡檜原村,0
東京都大島町,0
東京都利島村,0
東京都新島村,0
東京都神津島村,0
東京都三宅島三宅村,0
東京都御蔵島村,0
東京都青ヶ島村,0
東京都小笠原村,0
神奈川県愛甲郡清川村,0
新潟県岩船郡粟島浦村,0
福井県今立郡池田町,0
山梨県南巨摩郡早川町,0
山梨県南都留郡道志村,0
山梨県北都留郡小菅村,0
山梨県北都留郡丹波山村,0
長野県南佐久郡南相木村,0
長野県南佐久郡北相木村,0
長野県下伊那郡平谷村,0
長野県下伊那郡根羽村,0
長野県下伊那郡売木村,0
長野県下伊那郡天龍村,0
長野県下伊那郡泰阜村,0
長野県下伊那郡大鹿村,0
長野県木曽郡木祖村,0
長野県木曽郡王滝村,0
長野県東筑摩郡生坂村,0
長野県下水内郡栄村,0
岐阜県加茂郡東白川村,0
愛知県北設楽郡豊根村,0
京都府相楽郡南山城村,0
京都府与謝郡伊根町,0
大阪府南河内郡千早赤阪村,0
奈良県山辺郡山添村,0
奈良県宇陀郡御杖村,0
奈良県吉野郡下市町,0
奈良県吉野郡黒滝村,0
奈良県吉野郡天川村,0
奈良県吉野郡野迫川村,0
奈良県吉野郡十津川村,0
奈良県吉野郡下北山村,0
奈良県吉野郡上北山村,0
奈良県吉野郡川上村,0
奈良県吉野郡東吉野村,0
和歌山県東牟婁郡太地町,0
和歌山県東牟婁郡古座川町,0
和歌山県東牟婁郡北山村,0
鳥取県八頭郡若桜町,0
島根県隠岐郡海士町,0
島根県隠岐郡知夫村,0
岡山県真庭郡新庄村,0
岡山県英田郡西粟倉村,0
広島県豊田郡大崎上島町,0
山口県熊毛郡上関町,0
山口県阿武郡阿武町,0
徳島県勝浦郡上勝町,0
高知県安芸郡東洋町,0
高知県安芸郡馬路村,0
高知県土佐郡大川村,0
高知県幡多郡三原村,0
福岡県朝倉郡東峰村,0
福岡県田川郡糸田町,0
福岡県田川郡赤村,0
長崎県北松浦郡小値賀町,0
熊本県阿蘇郡小国町,0
熊本県阿蘇郡産山村,0
熊本県阿蘇郡高森町,0
熊本県球磨郡水上村,0
熊本県球磨郡五木村,0
大分県東国東郡姫島村,0
宮崎県児湯郡西米良村,0
宮崎県東臼杵郡椎葉村,0
鹿児島県鹿児島郡三島村,0
鹿児島県鹿児島郡十島村,0
鹿児島県大島郡大和村,0
鹿児島県大島郡宇検村,0
鹿児島県大島郡喜界町,0
鹿児島県大島郡知名町,0
沖縄県国頭郡東村,0
沖縄県島尻郡座間味村,0
沖縄県島尻郡粟国村,0
沖縄県島尻郡渡名喜村,0
沖縄県島尻郡南大東村,0
沖縄県島尻郡北大東村,0
沖縄県島尻郡伊平屋村,0
沖縄県島尻郡伊是名村,0
沖縄県宮古郡多良間村,0
沖縄県八重山郡竹富町,0
沖縄県八重山郡与那国町,0
